epoch,trn loss,val loss
0,0.04825950495341397,0.044072100161751615
1,0.03836012225392766,0.04125768743172477
