epoch,trn loss,trn acc,val loss,val acc
0,2.6028624754252396,0.3406923076923077,2.1005287528038026,0.4478
1,1.7021865443451198,0.5386153846153846,1.672657859325409,0.547
2,1.3765395067808197,0.6164692307692308,1.5113710761070251,0.5886
