epoch,trn loss,trn acc,val loss,val acc
0,0.7587500309322294,0.7924,0.6379819460213184,0.8158
1,0.44651818718379876,0.8649692307692308,0.6249426171183586,0.8264
2,0.4008615407506077,0.8770153846153846,0.6445972077548504,0.8208
3,0.3812292722002493,0.881676923076923,0.6340194813907146,0.8168
