epoch,trn loss,trn acc,val loss,val acc
0,3.0267437292834907,0.25176923076923075,2.48102924823761,0.376
1,2.0307125289609114,0.4628923076923077,1.9715429306030274,0.4748
2,1.6078511319291873,0.5630153846153846,1.6614237904548645,0.5566
3,1.3562571849879317,0.6246153846153846,1.453223741054535,0.6022
